Priority,Pattern,URL_Slug,Target_Keyword,Search_Intent,Monthly_Search_Volume_Estimate,Difficulty,Launch_Week
1,12,/content-crisis-solution-onlyfans-agencies/,content crisis onlyfans,Problem Solution,500,Medium,Week 1
2,10,/ai-photo-generator-onlyfans/,ai photo generator onlyfans,Direct Tool,2400,High,Week 1
3,11,/onlyfans-ai-photo-generator/,onlyfans ai photo generator,Direct Tool,1800,High,Week 1
4,2A,/best-ai-photo-generator-for-onlyfans-agencies/,best ai photo generator onlyfans,Best Of,1200,High,Week 1
5,2A,/best-ai-photo-generator-for-onlyfans-creators/,best ai photo generator,Best Of,3500,High,Week 1
6,1A,/sozee-vs-higgsfield-for-onlyfans-creators/,sozee vs higgsfield,Comparison,300,Low,Week 1
7,1A,/sozee-vs-higgsfield-for-onlyfans-agencies/,higgsfield alternative,Comparison,200,Low,Week 1
8,1A,/sozee-vs-krea-for-onlyfans-creators/,sozee vs krea,Comparison,250,Low,Week 1
9,8,/higgsfield-alternative-onlyfans-creators/,higgsfield alternative,Alternative,400,Medium,Week 1
10,8,/krea-alternative-onlyfans-creators/,krea alternative,Alternative,300,Medium,Week 1
11,9,/sozee-review-onlyfans-agencies/,sozee review,Review,150,Low,Week 1
12,9,/sozee-review-onlyfans-creators/,sozee ai review,Review,200,Low,Week 1
13,3A,/solve-creator-burnout-onlyfans-creators/,creator burnout onlyfans,Problem Solution,800,Medium,Week 2
14,3A,/solve-content-bottleneck-onlyfans-agencies/,content bottleneck,Problem Solution,600,Medium,Week 2
15,12,/content-crisis-solution-onlyfans-creators/,content crisis,Problem Solution,400,Medium,Week 2
16,10,/ai-video-generator-onlyfans/,ai video generator onlyfans,Direct Tool,1500,High,Week 2
17,11,/onlyfans-ai-video-generator/,onlyfans ai video,Direct Tool,1200,High,Week 2
18,2A,/best-ai-video-generator-for-onlyfans-agencies/,best ai video generator onlyfans,Best Of,900,High,Week 2
19,2A,/best-lora-training-for-onlyfans-creators/,best lora training,Best Of,500,Medium,Week 2
20,1A,/sozee-vs-runway-for-onlyfans-creators/,sozee vs runway,Comparison,200,Low,Week 2
21,5A,/how-to-scale-content-onlyfans-agencies/,how to scale onlyfans content,How-To,700,Medium,Week 3
22,5A,/how-to-automate-content-onlyfans-creators/,how to automate onlyfans content,How-To,600,Medium,Week 3
23,5C,/how-to-generate-photos-onlyfans/,how to generate photos onlyfans,How-To,500,Medium,Week 3
24,5C,/how-to-generate-videos-onlyfans/,how to generate videos onlyfans,How-To,450,Medium,Week 3
25,4A,/ai-photo-generation-for-onlyfans-creators/,ai photo generation,Feature,800,Medium,Week 3
26,4A,/custom-lora-training-for-onlyfans-agencies/,lora training onlyfans,Feature,400,Medium,Week 3
27,3B,/overcome-creator-burnout-ai-photo/,overcome creator burnout,Problem Solution,300,Medium,Week 3
28,3B,/overcome-content-bottleneck-ai-video/,overcome content bottleneck,Problem Solution,350,Medium,Week 3
29,7A,/best-ai-photo-generator-2025/,best ai photo generator 2025,Temporal,2000,High,Week 3
30,7B,/best-ai-tool-onlyfans-2025/,best ai tool onlyfans 2025,Temporal,600,Medium,Week 3
31,2A,/best-ai-content-studio-for-onlyfans-agencies/,best ai content studio,Best Of,400,Medium,Week 4
32,10,/ai-content-studio-onlyfans/,ai content studio onlyfans,Direct Tool,500,Medium,Week 4
33,1A,/sozee-vs-midjourney-for-onlyfans-creators/,sozee vs midjourney,Comparison,300,Low,Week 4
34,1A,/sozee-vs-foxy-ai-for-onlyfans-agencies/,sozee vs foxy ai,Comparison,150,Low,Week 4
35,8,/midjourney-alternative-onlyfans-creators/,midjourney alternative onlyfans,Alternative,500,Medium,Week 4
36,8,/runway-alternative-onlyfans-creators/,runway alternative onlyfans,Alternative,350,Medium,Week 4
37,5B,/how-to-automate-content-using-ai-generation/,automate content with ai,How-To,800,Medium,Week 4
38,5D,/how-to-create-tiktok-videos-for-creators/,create tiktok videos,How-To,1200,Medium,Week 4
39,4B,/ai-face-swap-onlyfans-content/,ai face swap onlyfans,Feature,600,Medium,Week 5
40,4B,/ai-background-replacement-onlyfans-content/,ai background replacement,Feature,400,Medium,Week 5
41,3A,/solve-revenue-instability-onlyfans-agencies/,revenue instability onlyfans,Problem Solution,200,Low,Week 5
42,3A,/solve-creative-fatigue-onlyfans-creators/,creative fatigue creators,Problem Solution,300,Low,Week 5
43,2A,/best-virtual-photoshoot-for-onlyfans-creators/,virtual photoshoot,Best Of,700,Medium,Week 5
44,10,/ai-tiktok-clone-tool-onlyfans/,ai tiktok clone,Direct Tool,800,Medium,Week 5
45,11,/onlyfans-tiktok-clone-tool/,onlyfans tiktok tool,Direct Tool,500,Medium,Week 5
46,1A,/sozee-vs-stable-diffusion-for-onlyfans-creators/,sozee vs stable diffusion,Comparison,250,Low,Week 6
47,5A,/how-to-increase-revenue-onlyfans-agencies/,how to increase onlyfans revenue,How-To,1500,High,Week 6
48,5A,/how-to-reduce-burnout-onlyfans-creators/,how to reduce creator burnout,How-To,600,Medium,Week 6
49,6,/photo-ideas-onlyfans-creators/,onlyfans photo ideas,Inspiration,2500,Medium,Week 6
50,6,/video-ideas-onlyfans-creators/,onlyfans video ideas,Inspiration,2000,Medium,Week 6
