Priority,Pattern,URL_Slug,Target_Keyword,Launch_Week
1,6,/content-crisis-solution-for-onlyfans-agencies,content crisis onlyfans agencies,Week 1
2,6,/content-crisis-solution-for-onlyfans-creators,content crisis onlyfans creators,Week 1
3,3,/onlyfans-ai-photo-generator,onlyfans ai photo generator,Week 1
4,3,/onlyfans-video-generator,onlyfans video generator,Week 1
5,2,/best-ai-photo-generator-for-onlyfans-agencies,best ai photo generator onlyfans agencies,Week 1
6,2,/best-ai-photo-generator-for-onlyfans-creators,best ai photo generator onlyfans creators,Week 1
7,1,/sozee-vs-higgsfield-for-onlyfans-creators,sozee vs higgsfield,Week 1
8,1,/sozee-vs-higgsfield-for-onlyfans-agencies,sozee vs higgsfield agencies,Week 1
9,4,/higgsfield-alternative-for-onlyfans-creators,higgsfield alternative,Week 1
10,5,/sozee-review-agencies,sozee review agencies,Week 1
11,1,/sozee-vs-krea-for-onlyfans-creators,sozee vs krea,Week 2
12,1,/sozee-vs-midjourney-for-onlyfans-creators,sozee vs midjourney,Week 2
13,4,/krea-alternative-for-onlyfans-creators,krea alternative,Week 2
14,4,/midjourney-alternative-for-onlyfans-creators,midjourney alternative,Week 2
15,2,/best-ai-video-generator-for-onlyfans-agencies,best ai video generator onlyfans,Week 2
16,2,/best-lora-trainer-for-onlyfans-creators,best lora trainer onlyfans,Week 2
17,3,/onlyfans-content-studio,onlyfans content studio,Week 2
18,3,/patreon-ai-photo-generator,patreon ai photo generator,Week 2
19,6,/content-crisis-solution-for-patreon-agencies,content crisis patreon,Week 2
20,1,/sozee-vs-runway-for-onlyfans-creators,sozee vs runway,Week 3
21,2,/best-virtual-photoshoot-for-onlyfans-creators,best virtual photoshoot onlyfans,Week 3
22,3,/fanvue-ai-photo-generator,fanvue ai photo generator,Week 3
23,5,/sozee-review-creators,sozee review creators,Week 3
24,4,/runway-alternative-for-onlyfans-creators,runway alternative,Week 3
25,6,/content-crisis-solution-for-fanvue-agencies,content crisis fanvue,Week 3